1,Willa Witt,proin.vel.nisl@hotmail.net,1-283-230-1858,Kawerau
2,Evangeline Hines,interdum@yahoo.ca,(681) 205-7326,Sanluri
3,Harding Santos,sed.nec@outlook.ca,(258) 653-9645,Recife
4,Deacon Burns,neque@protonmail.org,1-803-631-6635,Whitehorse
5,Keefe Shaffer,non.lacinia@outlook.org,(911) 442-4605,Calapan
6,Nathan Beach,vestibulum.lorem@google.net,(236) 783-6750,Siquirres
7,Sylvia Hurst,ut.nisi@protonmail.edu,1-427-930-4183,Cà Mau
8,Ivy Rogers,etiam.laoreet@icloud.ca,(601) 762-4030,Ternitz
9,Beck Bradshaw,et.pede.nunc@yahoo.net,1-821-878-5378,Ivano-Frankivsk
10,Charissa Kerr,urna@outlook.net,(583) 756-7311,Torreón
11,Seth Sheppard,pellentesque.eget@icloud.net,(624) 467-2762,Arviat
12,Sylvester Clayton,donec.nibh@aol.org,(303) 546-2752,Lelystad
13,Dustin Norris,eget.massa.suspendisse@google.ca,1-295-528-1681,Bilaspur
14,Jack Goodman,lacus.aliquam@google.edu,1-712-725-1067,Cartagena
15,Isabelle Sanford,risus.a@outlook.ca,(922) 812-5644,Dadu
16,Giacomo Blackwell,est.nunc@icloud.org,1-737-324-9889,Constantia
17,Benedict Greene,nec.enim@outlook.org,1-511-311-3864,Kirov
18,Kyla Rocha,orci.consectetuer.euismod@aol.com,(773) 284-4155,Melville
19,Ocean Vang,molestie.arcu@icloud.ca,1-711-262-6394,Toledo
20,Abbot Dejesus,turpis@icloud.edu,1-388-897-8245,Ereğli
21,Ethan Perez,augue.id@yahoo.couk,(409) 581-1506,Vinh
22,Reuben Hammond,sem.egestas@protonmail.edu,1-928-368-2602,Ladysmith
23,Brian Wall,luctus.aliquet@hotmail.net,1-982-198-1848,Quy Nhơn
24,Willow Hubbard,sed.libero@google.net,1-207-331-7339,Mmabatho
25,Hedy Jefferson,risus.in.mi@outlook.edu,1-673-253-3152,Mora
26,Brenden Mcclain,vestibulum.ante.ipsum@icloud.com,1-822-571-5301,Tuas
27,Skyler Daniel,odio.vel.est@outlook.com,1-868-827-2778,Kallang
28,Dean Griffith,suspendisse.eleifend.cras@yahoo.couk,1-298-837-6855,Port Nolloth
29,Olga Nixon,quis.lectus.nullam@hotmail.ca,(957) 616-5157,Sakhalin
30,Wesley Mcdonald,sociis.natoque@hotmail.couk,(958) 668-3188,Xinjiang
31,Pamela Marquez,leo.morbi.neque@yahoo.ca,(350) 657-3308,Kurram Agency
32,Erasmus Guthrie,auctor.velit@yahoo.com,(908) 425-5373,Aizwal
33,Kuame White,ultrices.posuere@aol.com,1-438-960-7157,Puerto Nariño
34,Talon Leach,ut.semper.pretium@protonmail.couk,(492) 677-3557,Piła
35,Nora Carey,nunc@google.edu,1-575-804-4391,Macon
36,Isaiah Owens,mauris.ipsum.porta@icloud.couk,1-963-255-7340,Tibet
37,Sebastian Yang,nunc.id@aol.edu,(621) 875-6794,Iqaluit
38,Oprah Faulkner,convallis@protonmail.ca,1-547-373-5183,Bắc Giang
39,Margaret Jimenez,luctus.ut.pellentesque@google.edu,(775) 937-6708,Oss
40,Chelsea Osborne,at@yahoo.org,(632) 823-2398,Isla de Maipo
41,Myra Kinney,eu@aol.net,(478) 318-7685,Canberra
42,Barbara Morrison,ultricies.sem.magna@hotmail.couk,1-864-336-7044,Puerto Colombia
43,Farrah Bender,aliquam.eu@google.com,(673) 991-1595,Dunstable
44,Nolan Roth,orci.ut@icloud.com,1-541-344-4301,Minneapolis
45,Robert Stafford,ut.nulla.cras@hotmail.org,(744) 739-2262,Bucaramanga
46,Randall Davidson,vivamus.sit@hotmail.ca,1-517-353-4625,Randfontein
47,Sopoline Vinson,proin.non@yahoo.org,(730) 322-1118,Stargard Szczeciński
48,Anthony Ellis,hendrerit@hotmail.edu,1-235-617-4435,Almería
49,Clare Fuller,sed@hotmail.org,1-675-794-2198,Gjoa Haven
50,Beck Smith,habitant@icloud.com,(828) 653-7461,Melilla
51,Ronan Cox,aliquam.auctor@protonmail.org,(824) 866-3283,Canberra
52,Leslie Duncan,cubilia.curae@yahoo.com,1-478-698-7440,Minna
53,Iola Ramirez,nibh.quisque@aol.couk,(348) 298-7336,Korosten
54,Felicia Stanton,aliquet.libero@outlook.couk,(377) 483-7348,Kursk
55,Lane Frye,dolor.vitae@icloud.net,1-767-938-4885,Sierning
56,Aurora Huff,eget.varius.ultrices@yahoo.org,(561) 704-2748,Pangkalpinang
57,Ayanna Pugh,morbi.quis.urna@google.ca,1-860-214-3876,Shigar
58,Amir Williamson,tincidunt.nibh.phasellus@yahoo.org,1-381-844-6115,Te Puke
59,Brenda Jones,nisi@outlook.ca,1-341-741-4494,Piedecuesta
60,Leilani Mclaughlin,nunc.risus@google.com,1-346-729-3133,Pasir Ris
61,Cherokee Roman,nibh@yahoo.net,1-425-608-0342,Kamianets-Podilskyi
62,Lester Knapp,et.ultrices@protonmail.net,1-884-236-7178,Geertruidenberg
63,Troy Dorsey,sit.amet.risus@protonmail.couk,1-670-355-2257,Chernihiv
64,Abigail Chavez,gravida.non@icloud.edu,1-412-245-5611,Stavoren
65,Hayes Bentley,nulla.facilisi@aol.org,(748) 836-3543,Sherani
66,Ifeoma House,scelerisque.neque@google.com,1-482-820-7569,Ulloa (Barrial]
67,Ronan Ryan,eget.magna@protonmail.couk,1-635-667-5805,Bais
68,Leslie Crawford,sed.id@google.couk,1-695-269-4255,Oaxaca
69,Mariko Barrera,fusce@icloud.com,(856) 677-0741,Kapfenberg
70,India Kline,vivamus.non@protonmail.ca,1-551-213-5781,Montería
71,Arthur Sykes,urna.ut@outlook.org,1-260-648-1694,Bismil
72,Amber Frye,dapibus.quam@google.edu,(780) 701-7758,Tampines
73,Patricia Kline,hendrerit.id@icloud.ca,(981) 680-7325,Shanghai
74,Otto Hopkins,eu.turpis@google.couk,(736) 521-5733,Dieppe
75,Hayden Hester,mattis.integer@yahoo.couk,(487) 276-3919,Floridablanca
76,Jakeem Bruce,eu@aol.couk,1-868-519-4802,Flekkefjord
77,Xena Cobb,donec.elementum.lorem@yahoo.edu,(624) 485-9159,Carahue
78,Serina David,blandit.viverra@protonmail.ca,1-768-867-6412,Motueka
79,Kermit Long,nascetur.ridiculus@aol.com,1-786-653-5675,Tarnów
80,Alea Hyde,magna@google.org,(589) 674-2252,Samsun
81,Jasmine Bishop,amet@icloud.net,1-652-562-1170,Ełk
82,Shea Mcfadden,commodo.hendrerit@aol.couk,(362) 543-7969,St. David's
83,Edan Pacheco,pellentesque@aol.ca,(836) 355-3117,Berlin
84,Upton Calderon,molestie.orci.tincidunt@hotmail.couk,(478) 765-5579,Sant'Angelo a Cupolo
85,Alden Hicks,vulputate.lacus@protonmail.ca,1-208-938-6943,Melilla
86,Arthur Howell,ut.ipsum@protonmail.com,1-379-336-7793,Norrköping
87,Lacota Sandoval,vulputate.velit@aol.org,(644) 482-1131,A Coruña
88,Len Roach,dui.cras@icloud.ca,(427) 527-2109,Istanbul
89,Dean Pate,fermentum.risus.at@outlook.com,(920) 708-0368,Belfast
90,Wade Briggs,mi@yahoo.ca,(184) 406-7860,Paradise
91,Stewart Cobb,ac.arcu@protonmail.edu,(562) 111-1302,Montigny-lès-Metz
92,Josephine Gillespie,magnis.dis@outlook.com,(646) 915-6475,Putre
93,Uma Foley,auctor.quis@yahoo.com,(845) 375-1883,Newcastle
94,Tobias Coffey,tempus.non.lacinia@hotmail.ca,1-712-342-4433,Tuas
95,Tanisha Cohen,lorem.ac@protonmail.couk,(463) 713-4745,Akhisar
96,Kaseem Herman,dui.cum@google.ca,(785) 301-7637,Arequipa
97,Hedley Baldwin,ac.ipsum@aol.org,1-828-587-6557,Horten
98,Olga Wells,vivamus.non@aol.com,1-317-644-3988,New Glasgow
99,Dieter Everett,urna.et@hotmail.org,1-302-796-7735,Bremerhaven
100,Serena Marsh,imperdiet.nec@icloud.net,1-418-791-6837,Pariaman
101,Hollee Hernandez,pede@outlook.couk,(757) 558-2372,Gojal Upper Hunza
102,Abraham Richardson,iaculis.odio.nam@hotmail.net,(219) 562-8271,Chiniot
103,Ashton Harris,dictum.magna@icloud.com,(504) 629-1185,Gwangju
104,Harper Mccullough,sodales.purus@aol.com,1-299-478-4719,Lozova
105,Tyler Kemp,morbi.tristique@outlook.ca,(478) 785-8803,Vienna
106,Emery Murphy,adipiscing@yahoo.ca,1-794-760-4740,Londerzeel
107,Knox Small,feugiat@yahoo.com,(273) 754-4532,Manokwari
108,Quynn Manning,ac.fermentum@outlook.ca,(236) 934-2086,Astrakhan
109,Amery Hicks,nec.ligula@hotmail.org,1-938-312-7848,Finspång
110,Grady Torres,suspendisse.sagittis@icloud.couk,1-821-907-8777,Andong
111,Galena Buckley,ligula.aliquam.erat@yahoo.com,1-225-996-5708,Rigolet
112,Kuame Bowers,nunc.commodo.auctor@google.edu,(632) 262-7699,Melitopol
113,Louis Perry,dolor@yahoo.org,(219) 915-9074,Bergisch Gladbach
114,Beau Olsen,auctor.quis.tristique@aol.com,(360) 211-5171,Maryborough
115,Melanie Frost,nibh.lacinia@protonmail.net,(281) 931-8644,Lutsk
116,Lester Chan,justo.proin.non@aol.org,(454) 686-9647,Cà Mau
117,Gage Holloway,varius.et.euismod@google.edu,(362) 162-7430,Chortkiv
118,Erich Schneider,tempus@icloud.com,(115) 120-6692,Moss
119,Kamal Abbott,blandit.mattis@icloud.com,1-173-415-5664,Murray Bridge
120,Joy Robbins,enim@hotmail.edu,1-932-515-0518,Divinópolis
121,Melyssa Massey,ut.dolor.dapibus@yahoo.edu,1-724-636-3727,Warri
122,Aspen Hoover,non@protonmail.couk,1-134-268-0194,Algeciras
123,Yeo Bradshaw,integer@outlook.ca,(612) 314-8583,Szczecin
124,Hamilton Langley,amet.dapibus@protonmail.com,(578) 482-4768,Antalya
125,Cole Hester,ultrices.vivamus@outlook.ca,(776) 849-3060,Bajaur Agency
126,Sebastian Duncan,nisi.cum@google.com,1-581-484-7594,Torreón
127,Sybill Nolan,sed.eu.nibh@outlook.couk,(767) 947-8357,La Rochelle
128,Wyoming Woodward,nec.cursus@yahoo.couk,1-689-111-6398,Leers-et-Fosteau
129,Kenneth Klein,non.bibendum@icloud.com,(334) 638-8524,Camborne
130,Kenneth Nixon,nulla.ante@aol.ca,1-284-701-9181,Tibet
131,Claire Chandler,eleifend.nec@outlook.edu,(845) 241-5978,Khyber Agency
132,Raphael Hopper,integer@hotmail.net,1-498-733-0711,Bremerhaven
133,Alan Brewer,elementum.purus.accumsan@google.couk,1-286-521-1485,Sokoto
134,Kiayada Avila,vivamus.molestie@aol.couk,1-487-325-8800,Welkom
135,Ila Montoya,augue.scelerisque@aol.couk,(417) 851-6381,Marystown
136,Medge Pope,accumsan@aol.org,(703) 735-3317,Alacant
137,Bert Charles,adipiscing.lacus@yahoo.ca,(601) 208-3523,Irkutsk
138,Jorden Hahn,quam.a@google.org,1-834-316-6385,Hohenems
139,Kelly King,maecenas.iaculis.aliquet@yahoo.net,1-710-918-2558,Olathe
140,Buffy Walton,augue.sed.molestie@hotmail.org,1-511-183-2355,Spijkenisse
141,Keith Wolfe,nullam.enim@protonmail.edu,1-513-746-8366,Tczew
142,Hilel Velez,metus.eu.erat@protonmail.org,1-996-381-1223,Bremerhaven
143,Dustin Vaughn,nunc.sit.amet@icloud.couk,(516) 543-0156,Ladysmith
144,Amelia Wilkinson,vivamus.rhoncus@yahoo.ca,1-523-761-6387,Cartagena
145,Garrison Battle,magna@protonmail.edu,1-113-116-6269,Rangiora
146,Kalia Boyer,ac@protonmail.net,1-987-187-1363,Glovertown
147,Nathan Fletcher,lorem@hotmail.net,(216) 637-6789,Horsham
148,Olga Griffith,nullam.ut@protonmail.com,(433) 327-6938,Södertälje
149,Mira Dickson,natoque.penatibus@protonmail.ca,(272) 988-2306,Vietri di Potenza
150,Jaquelyn Reilly,curae.phasellus@icloud.org,1-214-423-0077,Gaziantep
151,Rowan Acosta,in@icloud.couk,1-214-513-8603,Chippenham
152,Zenia Lott,turpis@google.com,(879) 286-3787,Tabuk
153,Kathleen Miles,tortor.nunc@yahoo.net,1-982-241-1817,Butte
154,Micah Berry,malesuada.vel.venenatis@icloud.org,(786) 316-2041,Rastatt
155,Mara Graham,ligula@outlook.ca,1-869-853-1408,Sengkang
156,Tobias Schmidt,odio.sagittis.semper@hotmail.ca,(608) 657-1164,Yeongju
157,Grant Morton,rutrum.fusce@protonmail.org,(653) 635-8138,Darıca
158,Adena Glass,magna.et@google.couk,(147) 292-2338,Oryol
159,Tyler Workman,integer@yahoo.net,1-163-555-0026,Galway
160,Ivor Aguilar,risus.nulla.eget@icloud.ca,1-387-453-5164,Kielce
161,Cassandra Mckee,magnis.dis@google.com,1-497-794-0955,Aydın
162,Rylee Hicks,lacus.mauris.non@hotmail.net,1-618-234-4173,Pica
163,Todd Freeman,ante.blandit@protonmail.net,(436) 873-8778,Ryazan
164,Lucian Collins,ut@outlook.net,1-541-762-3463,Macau
165,Lars Richard,massa.lobortis.ultrices@google.edu,1-583-780-2060,Tarma
166,Aimee Wilkinson,ante.bibendum@icloud.org,1-130-688-9457,San Jose del Monte
167,Karina Rich,eleifend.nunc.risus@hotmail.ca,(846) 778-5352,Güssing
168,Breanna Anthony,nam.tempor.diam@icloud.org,1-488-270-4126,Ensenada
169,Tarik Mullins,rutrum@yahoo.com,(540) 886-5233,Volda
170,Juliet Morgan,nunc@aol.net,1-864-673-1075,Dagupan City
171,Kelly Kramer,natoque.penatibus@google.edu,1-638-357-3258,Panabo
172,Gwendolyn Lamb,mus.proin@aol.net,(208) 552-8754,Muradiye
173,Wynne Stephenson,dui.fusce@google.org,1-665-645-2167,Alacant
174,Rylee Spence,ultrices.posuere@google.net,(541) 220-0422,Bukittinggi
175,Macey Nielsen,est.nunc@google.ca,1-384-581-4184,Stellenbosch
176,Tatyana Harris,aenean.egestas.hendrerit@yahoo.couk,(813) 223-8745,Kursk
177,Jameson Stanton,massa.lobortis.ultrices@aol.edu,1-708-930-1843,Bedok
178,Ariel Simpson,in.faucibus@aol.net,(854) 586-1891,Shimla
179,Cairo Osborne,proin.vel@outlook.net,(942) 387-7210,Belogorsk
180,Wyatt Perry,turpis.vitae.purus@yahoo.edu,(198) 497-6185,Pinetown
181,Sasha Rollins,convallis.dolor@aol.edu,1-331-674-1741,Dunstable
182,Riley Ayala,vulputate.mauris@google.ca,(453) 938-5798,Paraíso
183,Fritz Knapp,aliquet.magna@google.org,(276) 326-1816,Waterbury
184,Kevyn Robinson,ultrices.vivamus@outlook.org,(944) 637-3287,San Fernando
185,Nathan Heath,fusce.aliquet.magna@protonmail.ca,(574) 659-4326,Bursa
186,Harper Bates,bibendum.sed@google.org,1-648-247-7234,Kidwelly
187,Pandora Ford,eu.arcu@protonmail.ca,1-222-497-2598,Cork
188,Moana Best,aliquet.odio.etiam@outlook.org,(556) 182-1479,Santarém
189,Chandler Chavez,vestibulum.massa@hotmail.com,1-403-221-4489,Villach
190,Jordan Dale,eget.metus@hotmail.edu,1-643-626-3329,Aubagne
191,Garth Battle,ipsum@google.org,1-347-176-3459,Melilla
192,Margaret Macdonald,in.tempus.eu@google.org,(734) 636-8077,Zierikzee
193,Rachel Moreno,elementum@hotmail.net,(754) 392-3322,Santander
194,Preston Bender,dui.in.sodales@outlook.couk,(427) 675-1523,Santander
195,Shad Horn,nibh.aliquam.ornare@icloud.com,(243) 612-3437,Galway
196,Roth Mccullough,dictum.proin@yahoo.org,(638) 272-3627,Roxboro
197,Cullen Contreras,ante.ipsum@protonmail.ca,1-518-248-5575,Gillette
198,Geoffrey Blackwell,phasellus.dolor.elit@icloud.edu,1-945-212-2111,Montleban
199,Prescott Palmer,mattis.ornare@outlook.edu,(352) 611-9899,Ravenstein
200,Quynn Rosales,congue.a@aol.net,(842) 133-6964,Frederikstad
201,Alika Manning,ut.molestie.in@google.couk,(927) 361-6642,Erdemli
202,Iola Gonzalez,auctor@protonmail.couk,1-737-786-6578,Murcia
203,Allen Wallace,malesuada.id@protonmail.couk,(564) 770-2595,Tharparkar
204,Hyatt Pierce,lacinia.sed.congue@google.net,1-815-221-1388,Washuk
205,Ria Caldwell,tristique.senectus.et@yahoo.net,1-211-661-8866,Ligao
206,Odette Mccoy,non.feugiat@protonmail.couk,(312) 545-1178,Tiegem
207,Inez Carson,pellentesque.massa@icloud.ca,(647) 935-0813,Berlin
208,Elvis Sharp,neque@hotmail.edu,1-393-480-6857,Digos
209,Sydney Clements,lectus@aol.org,1-415-107-9541,Kon Tum
210,Audrey Strickland,commodo.ipsum@aol.net,1-667-952-2123,Hoofddorp
211,Chantale Griffin,ornare.elit@protonmail.couk,1-738-423-9224,Voronezh
212,Reuben Charles,tellus.nunc.lectus@protonmail.org,(234) 351-1215,Navsari
213,Ivy Hensley,ac@google.couk,1-337-687-8966,Värnamo
214,Shana Holmes,arcu.vivamus.sit@protonmail.com,(858) 992-8126,Siquirres
215,Jacqueline Kramer,sem.ut@icloud.org,1-948-657-4977,Dalkeith
216,Piper Wilkinson,integer.mollis@hotmail.org,(873) 449-7716,Sapele
217,Damian Mack,velit.pellentesque@outlook.ca,(401) 863-4685,Lagos
218,Byron Bryan,elementum@aol.org,(915) 615-3193,Trieste
219,Walker Cross,eget.tincidunt.dui@hotmail.couk,(363) 382-5486,Khyber Agency
220,Iris Hinton,bibendum.donec@outlook.org,(285) 331-8670,Llaillay
221,Lee Beard,torquent.per.conubia@google.net,1-812-367-8937,Sapele
222,Jermaine Lee,augue.id@google.couk,(162) 211-3040,Tapachula
223,Levi Schroeder,nec.imperdiet@google.net,(990) 378-1677,Ch‰telineau
224,Anjolie Chambers,vel.nisl.quisque@outlook.org,(837) 652-6414,Sanghar
225,Zena Nunez,consectetuer.adipiscing@google.org,(420) 331-2177,Palma de Mallorca
226,Maya Hull,blandit@outlook.couk,1-336-414-1842,San Miguel
227,Price Henson,tristique.neque.venenatis@hotmail.couk,(577) 253-4754,Silvassa
228,James Frederick,eget.laoreet@outlook.ca,1-275-786-1415,Elgin
229,Driscoll Hicks,turpis.non@yahoo.org,(269) 744-4866,Bekegem
230,Hedley Holder,adipiscing.mauris.molestie@aol.net,1-823-965-1478,Oaxaca
231,Noble Carter,sociis.natoque@outlook.ca,(234) 279-4168,El Carmen
232,Jescie Pace,tristique.pellentesque@icloud.com,(979) 467-2785,Valtournenche
233,Brian Randall,semper.nam@outlook.net,1-554-398-7465,Buccheri
234,Zeph Patel,aliquet.nec.imperdiet@yahoo.net,1-315-410-5521,Delicias
235,Dylan Ayala,aenean.sed@aol.net,(388) 661-7461,Ñuñoa
236,Vernon Duffy,urna.ut@icloud.com,1-485-333-1859,Santarém
237,Guinevere Delaney,tincidunt@hotmail.net,(316) 836-4266,Jalandhar (Jullundur}
238,Rafael Navarro,mauris.ut@icloud.net,1-314-127-4121,Veere
239,Graiden Decker,suspendisse.aliquet@icloud.net,(248) 886-4426,Burlington
240,Benedict Zamora,quam.elementum@outlook.org,(428) 471-2054,Yaroslavl
241,Elton Collins,hendrerit@outlook.edu,1-512-984-3914,Le Puy-en-Velay
242,Jelani Leach,duis.elementum.dui@icloud.net,1-706-415-3183,Villahermosa
243,Alvin Davenport,at.augue.id@aol.com,1-686-828-8825,Astore
244,Amos Gill,lorem.eget@icloud.net,(871) 883-9516,Alingsås
245,Oren Walter,taciti.sociosqu.ad@protonmail.net,1-285-755-8803,Tuxtla Gutiérrez
246,Kristen Hanson,congue.turpis@outlook.edu,(706) 544-5334,Vottem
247,Mechelle Lamb,scelerisque.lorem@google.org,(895) 742-8743,Tirúa
248,Tanner Barnett,dapibus.quam@google.edu,(499) 874-8856,Cessnock
249,Quinlan Juarez,eget.magna@protonmail.edu,(373) 137-5431,Payakumbuh
250,Ezekiel Hahn,auctor.ullamcorper@yahoo.org,1-849-764-6448,Okigwe
251,Kristen Wong,interdum.sed@protonmail.couk,1-515-492-4944,Jayapura
252,Rigel Conley,sed.dictum@google.couk,(815) 871-4067,Solapur
253,Ayanna Albert,quisque@google.ca,(585) 896-2288,Bragança
254,Andrew Moore,ac.nulla.in@yahoo.couk,1-762-127-4614,Palopo
255,Raja Potts,libero.est.congue@protonmail.couk,(816) 548-3388,Steinkjer
256,Ralph Evans,quisque.tincidunt@hotmail.ca,1-773-367-0376,Zirl
257,Arsenio Guerrero,lectus.pede.et@outlook.org,(456) 518-0514,Alanya
258,Abel Peck,curabitur.egestas@yahoo.couk,1-346-832-8507,Ockelbo
259,Mona Phillips,mollis.dui@hotmail.ca,1-484-775-3442,Westrem
260,Cecilia Downs,integer.vulputate@outlook.org,(401) 186-1354,Ambon
261,Ayanna Wheeler,urna.convallis@protonmail.couk,1-749-826-8633,Bắc Giang
262,Chase Burt,scelerisque.dui@icloud.org,1-947-523-9362,Sichuan
263,Marvin Guzman,sit@icloud.com,1-375-733-4268,Hwaseong
264,Moses Lewis,orci.ut@hotmail.org,(225) 689-7143,Ang Mo Kio
265,Fay Summers,laoreet.ipsum@aol.ca,1-348-572-4708,Dublin
266,Giselle Mccoy,dis.parturient@outlook.ca,1-257-782-4325,São Gonçalo
267,Graiden Duncan,aliquam.vulputate@protonmail.net,(125) 647-3156,Kaluga
268,Jescie Holman,odio@yahoo.org,(351) 637-8284,Talara
269,Oren Cain,natoque.penatibus.et@icloud.com,(457) 846-7441,Kędzierzyn-Koźle
270,Branden Collins,sit.amet.orci@google.net,1-261-868-6834,Siverek
271,Wilma Stanley,sem.ut@protonmail.edu,(376) 315-5161,Bolton
272,Addison Foreman,phasellus.ornare@google.com,1-894-277-4440,Watson Lake
273,Herrod Hogan,ac@hotmail.com,(352) 991-3956,Tongeren
274,Ebony Mckinney,sed.dui.fusce@hotmail.ca,1-637-447-3618,Völkermarkt
275,Alma Delgado,neque@yahoo.ca,(646) 155-5197,Shikarpur
276,Nerea Hobbs,eu.turpis.nulla@protonmail.ca,(511) 184-1631,Amersfoort
277,Sylvester Grimes,ornare@protonmail.com,1-728-775-2142,Boo
278,Raphael Howell,nibh.quisque@yahoo.com,(682) 442-6014,Liaoning
279,Tasha Quinn,laoreet.lectus.quis@google.couk,1-721-543-3557,Boon Lay
280,Macey Moses,porttitor@yahoo.ca,(243) 855-2675,Belfast
281,Connor Wolfe,id@google.ca,1-832-478-7688,Ostrowiec Świętokrzyski
282,Linda Workman,sagittis.semper@google.edu,(313) 834-1392,Gansu
283,Jermaine Swanson,ipsum.dolor@hotmail.ca,1-658-831-7328,Tczew
284,Adrian Wiley,curabitur.ut.odio@aol.edu,1-245-979-5737,Dubno
285,Stone Hicks,sed@google.net,1-330-858-5124,Windsor
286,Adam Hale,in.aliquet.lobortis@icloud.org,1-166-296-2618,Balıkesir
287,Cameran Carlson,erat.vel.pede@icloud.org,1-237-579-7075,Galway
288,Chaney Faulkner,nullam.enim@outlook.org,1-660-892-6136,Tangub
289,Dieter Velasquez,turpis.aliquam@aol.ca,1-876-549-4715,Sandviken
290,Amos Mcintosh,semper.et@outlook.net,(554) 795-6126,Singkawang
291,Zena Davidson,sed@protonmail.edu,(381) 886-5788,Manokwari
292,May Conrad,aliquam.adipiscing@yahoo.couk,(852) 828-5106,Río Bueno
293,Wayne Schneider,lobortis@icloud.com,(657) 571-5218,Kupang
294,Hunter Mercado,dui@aol.net,(782) 923-1357,Santa Maria
295,Germane Gordon,aliquam.gravida@yahoo.edu,1-658-703-6238,Częstochowa
296,Alden Mccullough,pede.praesent@aol.net,1-745-687-6816,Villahermosa
297,Clare Leonard,ultricies.dignissim.lacus@outlook.com,1-640-377-8115,Jammu
298,Rhoda Emerson,feugiat.sed@hotmail.org,(624) 828-2598,Stonehaven
299,Tasha Haynes,convallis.ante.lectus@yahoo.org,(414) 359-1601,Oldenzaal
300,Fleur Beach,neque@outlook.edu,1-811-316-8578,Finspång
301,Wendy Gillespie,libero.lacus.varius@icloud.couk,1-351-737-1311,Waterbury
302,Chadwick Cherry,ipsum.leo@hotmail.ca,1-673-552-6188,Jeongeup
303,Elijah Watts,malesuada.augue.ut@icloud.org,1-314-162-6130,Stockerau
304,Dalton Castillo,sagittis@icloud.couk,1-757-760-7777,Watson Lake
305,Buffy Long,enim.condimentum.eget@protonmail.org,(180) 764-5652,Lerum
306,Fletcher Foley,ipsum@protonmail.net,(539) 843-5101,Angoulême
307,Ira Simpson,nec.metus@protonmail.net,1-853-840-1183,Lelystad
308,Clio Berry,accumsan.laoreet@outlook.org,1-781-451-9714,Heilongjiang
309,Zoe Boyer,feugiat@icloud.edu,1-623-788-4720,Wanganui
310,Oren Sloan,donec.sollicitudin@hotmail.ca,1-632-832-8742,Pathankot
311,Castor Larson,aliquet@outlook.org,1-446-363-6063,Edremit
312,Moses Dixon,nisi.dictum@hotmail.net,1-253-538-2213,Mâcon
313,Alexander Douglas,nunc.mauris.morbi@protonmail.ca,(428) 603-1309,Popayán
314,Burke Witt,sem.egestas@aol.com,1-606-906-9355,Waver
315,Stewart Reeves,lacus.vestibulum@protonmail.ca,1-550-935-6202,Voronezh
316,Brent Curry,et.magnis.dis@protonmail.ca,1-208-653-4040,Kallo
317,Christen Nguyen,vel.mauris@yahoo.org,(214) 552-1762,Gouda
318,Maxwell Holmes,gravida.sit@aol.ca,1-777-359-0164,Kircudbright
319,Elton Diaz,odio.a@protonmail.ca,(786) 980-8290,Vladimir
320,Odysseus Mcpherson,ornare.libero.at@icloud.edu,1-176-776-5610,Galway
321,Bradley Crawford,nec.mauris@yahoo.net,(620) 204-2223,Portland
322,Kevin Hayden,pede.cum@aol.net,(237) 202-9438,Leiden
323,Mark Parker,rhoncus.nullam@yahoo.net,1-412-248-8850,Mahikeng
324,Dominic Garner,non.lorem@yahoo.ca,(870) 372-5986,Ledbury
325,Hakeem Arnold,egestas.a@yahoo.couk,(424) 236-8162,Akhisar
326,Beau Riggs,ipsum.curabitur@aol.net,1-458-473-4218,Armenia
327,Kevyn Kane,lacus@icloud.org,1-322-845-8191,Sumy
328,Elizabeth Mullins,nam@outlook.edu,(546) 603-1446,Juárez
329,Addison Haynes,rutrum.lorem@yahoo.com,(712) 460-1008,Cisano sul Neva
330,Leo Shields,dictum.magna.ut@protonmail.net,(786) 423-6126,Tarnów
331,Madonna Contreras,ante@google.com,1-895-463-1474,Chuncheon
332,Melissa Sullivan,sagittis.augue.eu@outlook.ca,(375) 828-6422,Dörtyol
333,Cleo Becker,aliquam.nisl@outlook.org,1-466-997-4111,Tame
334,Tobias Hoffman,pede.cum@google.edu,(334) 203-6966,Hard
335,Chava Martin,phasellus.in@google.couk,(763) 616-1471,Omsk
336,Noble Ball,vel.convallis@aol.couk,(828) 365-4302,Belfast
337,Florence Bowman,sed.nec@hotmail.net,(864) 719-0552,Anhui
338,Austin Summers,vitae.semper@aol.net,(847) 514-1846,Ang Mo Kio
339,TaShya Mcgee,tincidunt@yahoo.com,1-935-516-7535,Southend
340,Wayne Johns,vel.turpis@yahoo.net,1-235-415-5824,Recife
341,Lane Patel,id.blandit@protonmail.net,1-638-679-3960,Sichuan
342,Jaquelyn Hodge,a@google.org,(259) 987-6320,Saint-Nicolas
343,Ivor Frost,tempor.augue@icloud.couk,1-270-925-7291,Amravati
344,Silas Odom,cum.sociis@yahoo.ca,1-672-716-7311,Kemerovo
345,Nathan Schmidt,ridiculus.mus.aenean@hotmail.com,(487) 252-4135,Freirina
346,Juliet Lawrence,eu@yahoo.ca,(598) 348-4285,Spiere
347,Gabriel Cherry,sollicitudin.adipiscing@outlook.net,(423) 177-2314,Jecheon
348,Daquan Blackburn,curabitur.vel@hotmail.edu,(617) 347-1188,Dublin
349,Kareem Allison,lobortis.risus@yahoo.edu,1-646-435-8688,Secunda
350,Nash Tate,proin.dolor@icloud.org,(174) 757-0106,Itanagar
351,Ginger Ruiz,nascetur@yahoo.net,1-687-782-8327,Nelson
352,Reese Cole,enim@google.com,(783) 386-1397,Notre-Dame-du-Nord
353,Ila Combs,luctus.vulputate@hotmail.org,1-281-660-9488,Roosendaal
354,Deacon Hood,nibh.sit.amet@icloud.org,1-723-686-6765,Ucluelet
355,Leroy Watts,vitae.diam@protonmail.com,(301) 863-7885,Greater Hobart
356,Ezra Waller,varius.et.euismod@icloud.ca,(261) 229-7565,Torreón
357,Clio Dorsey,lorem.sit@aol.net,(488) 884-5470,Amberloup
358,Aladdin Benson,semper@yahoo.edu,(403) 455-1663,Caruaru
359,Angelica Hampton,nec.tempus@icloud.edu,(816) 471-1869,Maintal
360,Zachary Moses,dui.lectus@aol.net,(311) 516-1632,Canberra
361,Ralph Hull,semper.rutrum.fusce@hotmail.edu,1-337-214-8765,Sicuani
362,Lee Moran,porttitor@protonmail.org,1-251-854-1431,Teralfene
363,Janna Dotson,nullam@google.org,(753) 851-6822,Tibet
364,Avye Bean,hendrerit.a@outlook.couk,(823) 416-2622,Huelva
365,Graiden Gates,luctus.ipsum@aol.couk,(445) 861-6696,Iqaluit
366,Gwendolyn Cardenas,lectus.cum.sociis@google.couk,(541) 342-4517,Ibagué
367,Nicholas Stephenson,ornare.tortor@protonmail.ca,(223) 455-1325,Kano
368,Karyn Wiley,magna@hotmail.edu,(516) 957-5844,Bila Tserkva
369,Mechelle Robbins,sed.malesuada@icloud.couk,(118) 242-1581,Sneek
370,Hanae Taylor,vel.arcu@icloud.ca,1-445-467-6401,Purén
371,Rogan Thornton,lorem.eu@yahoo.ca,1-931-344-4059,Cádiz
372,Lacy Maldonado,nulla.dignissim@yahoo.edu,(623) 523-6248,Götzis
373,Cooper Gould,orci.tincidunt@yahoo.couk,1-367-706-5792,Chonchi
374,Maryam Serrano,mi@google.net,(152) 686-4835,Flushing
375,Brooke Francis,eget.metus@outlook.couk,(550) 557-6416,Criciúma
376,Keefe Howell,arcu.vel.quam@hotmail.edu,(393) 122-2274,Voitsberg
377,Rajah Perry,faucibus@outlook.com,1-267-191-8160,Biała Podlaska
378,Hayden Golden,vel@icloud.ca,(227) 271-7726,Nelspruit
379,Bradley Hall,lobortis@outlook.org,(141) 369-8865,Ravels
380,Serena Burnett,fusce.fermentum@hotmail.com,1-757-859-1213,Belfast
381,Travis Peck,nulla@protonmail.net,1-938-915-4844,Gloucester
382,Jayme Mays,vestibulum.neque@google.net,(555) 262-5804,Galmaarden
383,Kadeem Finch,faucibus.id@aol.org,1-978-628-7436,Badin
384,McKenzie Blair,vel.pede.blandit@yahoo.com,(715) 381-3011,Telfs
385,Brody Hebert,nascetur.ridiculus@protonmail.org,(725) 287-4962,Rotorua
386,Carson Morse,purus@aol.org,(953) 533-5364,North-Eastern Islands
387,Diana Maldonado,cras.dictum@aol.couk,1-447-497-5728,Vadsø
388,Quamar Jenkins,at@protonmail.net,(487) 674-1471,Hollange
389,Phyllis Newton,ligula.elit.pretium@google.couk,(531) 635-3634,Aydın
390,Kane Wolfe,diam.duis@outlook.com,(367) 724-7215,Lviv
391,Guy Coleman,leo@aol.com,1-976-550-5846,Puntarenas
392,Vanna Kent,mi.ac@protonmail.ca,1-480-616-7675,Khmelnytskyi
393,Jordan Lott,in@yahoo.edu,(277) 772-8124,Belfast
394,Daquan Rowland,sed.pharetra@hotmail.edu,(433) 626-5651,Medio Atrato
395,Iola Flynn,risus@outlook.couk,(516) 408-2813,Rio nell'Elba
396,Josephine Collier,tempor.erat.neque@outlook.couk,(681) 109-9506,Iriga
397,Ursula York,orci.luctus@yahoo.org,(175) 274-1013,Whangarei
398,Duncan Lester,diam.lorem@protonmail.org,1-786-826-1636,Hamm
399,Shaine Gay,nec@outlook.ca,(262) 778-7831,Bhiwani
400,Quamar Bell,non.massa@aol.couk,1-882-837-4441,Shanxi
401,Lana Sloan,dolor@hotmail.ca,1-421-963-1949,Thủ Dầu Một
402,Kato Reilly,ac.eleifend@outlook.edu,(620) 576-8903,Vienna
403,Odysseus Berry,amet.lorem@protonmail.couk,(721) 327-1656,Fernie
404,Macaulay House,sed.sapien@protonmail.couk,(979) 566-1796,Kano
405,Nevada Franklin,neque.in.ornare@google.edu,(679) 351-1355,Bhimber
406,Kitra Molina,adipiscing.ligula@icloud.com,1-251-414-3111,Haveli
407,Kieran Koch,a.felis.ullamcorper@icloud.net,1-835-436-6610,Tampines
408,Kaseem Moody,dui.semper@google.org,(517) 141-7995,Berlin
409,Caleb Goff,consequat.lectus@hotmail.org,1-396-284-5927,Ludvika
410,Leandra Rhodes,nec.urna@protonmail.couk,1-474-550-1934,Xinjiang
411,Dennis Patel,amet.risus@outlook.net,(519) 124-4716,Saarbrücken
412,Azalia Joyner,vel.convallis@outlook.net,(633) 301-3573,Muntinlupa
413,Nelle Rosario,aliquam.erat@google.ca,1-744-237-5357,Hwaseong
414,Quentin Flynn,nisl.nulla@aol.net,1-559-176-4211,Nederokkerzeel
415,Lester Murphy,nunc.laoreet@icloud.edu,(513) 167-5203,Newark
416,Cathleen Randall,lectus@outlook.org,(417) 269-7078,Canlaon
417,Jana Warner,tortor.at@aol.net,1-624-965-6315,Laoag
418,Colt Boone,primis.in.faucibus@aol.net,(976) 953-3513,Guápiles
419,Suki Buchanan,ipsum.suspendisse@outlook.edu,(976) 330-2081,Valledupar
420,August Burke,est.nunc.laoreet@aol.couk,1-618-308-9105,Kaluga
421,Shay Walsh,ipsum@yahoo.edu,1-284-676-5378,Bastia
422,Carly Gates,consectetuer.mauris@protonmail.ca,(111) 356-5417,Çaldıran
423,Samantha Dillon,felis@outlook.com,1-219-586-5552,Cañas
424,Jelani Mayo,non.cursus.non@hotmail.couk,1-677-980-3687,Ergani
425,Rowan Franks,duis.volutpat@hotmail.edu,1-448-127-8917,Odda
426,Felicia Cohen,velit.pellentesque@hotmail.org,(206) 576-6130,Ribeirão Preto
427,Chandler Bass,id.ante@aol.ca,(434) 499-4546,Sapele
428,Althea Lucas,dui.quis@hotmail.net,(352) 633-9159,Giardinello
429,Merrill Morrow,eget.venenatis@aol.net,(808) 367-8227,Vetlanda
430,Iona Mcdonald,sed.est@hotmail.org,1-352-235-1915,Arequipa
431,Harper Hodges,nunc.quisque@aol.ca,(480) 263-9593,Nelspruit
432,Ramona Newton,sociis.natoque@protonmail.couk,(204) 866-0225,Villers-la-Bonne-Eau
433,Guinevere Espinoza,amet.lorem@protonmail.edu,(635) 622-5639,Granada
434,Shana Good,erat.semper.rutrum@yahoo.com,1-480-758-5025,Newark
435,Maryam Golden,condimentum@outlook.com,1-181-141-5756,Anglet
436,Patricia Bush,et.magnis@google.com,(231) 686-1183,Nelson
437,Amir Carrillo,sed.dictum@outlook.com,(428) 634-5446,Matamoros
438,Dominic Benjamin,posuere@aol.couk,(941) 637-3408,Adana
439,Sonia Ryan,laoreet.lectus@protonmail.ca,(475) 743-6410,Siedlce
440,Alvin Mayer,aliquet.magna.a@hotmail.net,1-577-426-4347,Merrickville-Wolford
441,Wyatt Lyons,cras.vulputate.velit@aol.ca,1-417-643-2447,Feldkirch
442,Cailin Ramirez,faucibus.orci@aol.org,1-619-819-5856,Liberia
443,Phillip Kirkland,sem.consequat.nec@hotmail.ca,(722) 138-6336,Fujian
444,Fritz Tyler,aliquam@yahoo.net,1-514-977-6162,Paulatuk
445,Ignatius Robles,arcu.vestibulum@yahoo.couk,(496) 330-6481,Bicester
446,Murphy Snyder,ante.bibendum@aol.edu,(839) 746-2123,Chimbote
447,Wing Mcclain,sit@protonmail.com,1-563-814-6145,Watson Lake
448,Vladimir Workman,duis@outlook.edu,(325) 688-2444,Belfast
449,Wallace Boyle,massa.mauris.vestibulum@aol.couk,1-562-552-3579,São Luís
450,Libby Donaldson,turpis.nec@protonmail.net,1-210-535-8142,Colombo
451,Colton Robinson,convallis.dolor@aol.com,1-742-893-8792,Paraíso
452,Kirk Lyons,eros@icloud.org,(945) 501-5406,Morelia
453,Avye Murray,vulputate.nisi.sem@google.org,1-942-996-6086,Changi
454,Cheyenne Contreras,enim.suspendisse@outlook.ca,(796) 366-5880,Jönköping
455,April Lindsey,aliquam@google.net,(987) 432-8932,New Plymouth
456,Xavier Case,lectus.quis.massa@outlook.ca,(818) 242-3422,Banjarbaru
457,Lionel Levy,vulputate.velit@yahoo.ca,(568) 512-5837,Jeju
458,Martin Avila,duis@protonmail.com,1-626-934-1314,Bauchi
459,Hilel Burnett,maecenas.iaculis.aliquet@protonmail.com,(963) 464-2814,Guadalupe
460,Robin Steele,mauris.vestibulum.neque@outlook.edu,1-886-776-0875,Dutse
461,Micah Pickett,molestie.in@aol.ca,(858) 453-6631,Novo Hamburgo
462,Vincent Cooke,enim.nec@google.org,1-724-965-7595,Assen
463,Iliana Giles,semper.tellus@outlook.net,(416) 717-3287,Söderhamn
464,Walker Elliott,nec.tellus.nunc@icloud.net,(487) 541-7691,Leticia
465,Ivan Jimenez,primis.in@icloud.org,1-423-214-1495,Naperville
466,Shafira Lloyd,risus.quisque.libero@hotmail.ca,(431) 476-4096,Montpellier
467,Solomon Alvarez,felis.ullamcorper@hotmail.edu,(246) 933-1411,Dunoon
468,Kasimir Mckay,sagittis.semper.nam@yahoo.edu,1-336-650-8937,Borås
469,Erica Kaufman,enim.nisl@hotmail.couk,(461) 675-1657,Golspie
470,Basil Joseph,tempor@google.ca,1-902-841-1554,Belfast
471,Alea Colon,morbi@icloud.edu,1-892-265-3461,Kendari
472,Yvonne Acosta,amet.lorem.semper@icloud.net,(282) 546-4865,Tacurong
473,Constance Hancock,neque@hotmail.ca,1-414-378-2340,Parys
474,Macon Robles,tristique.pellentesque@yahoo.couk,1-796-276-5911,Ang Mo Kio
475,Aristotle Newman,fusce@google.ca,1-221-996-2323,Milnathort
476,Zahir Wheeler,vivamus.nisi@yahoo.com,1-888-743-7541,Lutsk
477,Josephine Joyce,suspendisse.dui@yahoo.ca,1-418-134-9761,Arequipa
478,Raja Hood,eu@yahoo.couk,1-388-551-7356,Tengah
479,Cairo Head,tempor.bibendum@google.org,(207) 827-1554,Harstad
480,Lynn Stark,dolor.dapibus@google.edu,1-137-689-1541,Bad Vöslau
481,Melodie Kidd,interdum@yahoo.org,(512) 511-7094,Astore
482,Shelly Guthrie,sit@aol.com,1-171-474-7477,Tebing Tinggi
483,Allen Orr,integer.vitae.nibh@outlook.ca,(855) 457-2679,Bạc Liêu
484,Francis Sandoval,consequat.enim@hotmail.com,1-719-231-4764,Thủ Dầu Một
485,Fredericka Mills,morbi.metus@hotmail.couk,(289) 749-8337,Amstetten
486,Tyrone Beard,fermentum.risus@hotmail.edu,(850) 227-2339,Springs
487,Zeus Smith,eu.tellus.phasellus@outlook.edu,1-539-586-3576,Mapiripana
488,Josiah Williams,fringilla.est.mauris@icloud.ca,(522) 298-2328,Morpeth
489,Nita Cain,tincidunt.donec.vitae@google.ca,(544) 405-6177,Logan City
490,Marah Serrano,dignissim.lacus@aol.org,1-175-826-5247,Jayapura
491,Mechelle Brown,lectus@hotmail.couk,1-791-456-6306,Chiclayo
492,Rhea Alexander,congue.elit@outlook.com,1-882-601-5636,Sibasa
493,Xander Howe,ipsum.dolor.sit@hotmail.couk,(555) 126-4472,Sluis
494,Lavinia Franco,interdum.enim@icloud.ca,1-228-812-4769,Norrköping
495,Davis Finley,luctus.et.ultrices@hotmail.edu,(934) 897-3813,Loralai
496,Aphrodite Kim,a.arcu@protonmail.edu,(531) 911-5711,Dreux
497,Jillian Cooper,cursus.et@aol.ca,1-355-787-6807,Bischofshofen
498,Serina Baxter,ut.cursus.luctus@aol.couk,(874) 336-1667,Boryeong
499,Noah Ferrell,iaculis.nec@icloud.couk,1-666-174-3251,Cork
500,Orson Howard,cursus.vestibulum.mauris@aol.ca,(277) 452-1734,Burg
