1,Amal Blanchard,eros@outlook.couk,"P.O. Box 672, 2672 Etiam St."
2,Aidan Anderson,mi@aol.ca,137-5429 Eget Road
3,Linus Hull,sit.amet.metus@protonmail.edu,Ap #820-3512 Turpis Street
4,Cherokee Lynch,sit.amet@aol.edu,633-3861 Lectus. Rd.
5,Elmo Solis,malesuada@aol.net,6689 Bibendum Rd.
6,Knox Campos,duis.volutpat@google.couk,"Ap #650-8886 Semper, St."
7,Levi Hart,enim.consequat@hotmail.net,Ap #660-3176 Malesuada Rd.
8,Colorado Tyler,sed.auctor@icloud.couk,700-5826 Magna. St.
9,Cheryl Pierce,curabitur.ut@icloud.ca,"P.O. Box 858, 1367 Ut Rd."
10,Shelly Crawford,mauris.non@hotmail.ca,3131 Etiam Avenue
11,Hayley Wilkins,malesuada.vel@yahoo.com,Ap #251-4076 Luctus Av.
12,August Booker,metus.vitae.velit@protonmail.ca,"P.O. Box 315, 5313 Ipsum. St."
13,Regina Lyons,eu@icloud.edu,"P.O. Box 175, 418 Vitae Av."
14,Tyrone Mendez,eu.nibh.vulputate@hotmail.net,6156 Lacinia Ave
15,Driscoll Turner,ullamcorper@icloud.ca,Ap #865-996 Facilisis Rd.
16,Salvador Henson,molestie.orci@hotmail.ca,3556 Nonummy St.
17,Hedley Foreman,quisque@outlook.com,"7680 Sem, Avenue"
18,Deirdre Pena,augue.eu.tellus@outlook.couk,142-9616 Neque. St.
19,Farrah Butler,vitae.diam@google.couk,"P.O. Box 918, 4821 Porttitor St."
20,Amery Briggs,id.mollis@aol.org,Ap #125-8907 Nisi Ave
21,Garrett Woods,tellus.suspendisse@outlook.ca,"P.O. Box 609, 3249 Eget, Ave"
22,Lisandra Delacruz,urna@google.edu,"P.O. Box 325, 1913 Sed Ave"
23,Craig Stout,ac@yahoo.edu,Ap #712-5957 Enim Road
24,Logan Farmer,quam@yahoo.couk,Ap #711-4061 Nec St.
25,James Herman,montes.nascetur@aol.edu,"P.O. Box 321, 6207 Nulla Street"
26,Hunter Boyd,felis.ullamcorper@outlook.couk,534-9707 Sit Rd.
27,Tucker Schneider,felis@aol.net,Ap #605-7044 Consectetuer Avenue
28,Melodie Scott,lorem.fringilla.ornare@protonmail.couk,651-9805 Netus Av.
29,Athena Stephenson,vel.venenatis.vel@icloud.com,Ap #866-3432 Vitae Street
30,Lucian Good,lectus.nullam@icloud.com,8217 Ullamcorper. Rd.
31,Rylee Mcneil,risus.at@hotmail.couk,"553-8030 Convallis, Street"
32,Lydia Glass,porta@yahoo.org,"P.O. Box 959, 3861 Pede Rd."
33,Amena Le,malesuada@protonmail.couk,"746-1423 Amet, Av."
34,John Mckay,dolor.nonummy.ac@google.ca,"654-1159 Iaculis, Av."
35,Ainsley Flowers,elit@protonmail.net,Ap #318-136 Suspendisse St.
36,Ramona Lynn,cubilia.curae@outlook.org,542-9954 Dictum St.
37,Adam Sanders,neque@icloud.ca,Ap #331-4829 Orci. Av.
38,Stephanie Ellison,vulputate.velit.eu@aol.ca,4726 Orci St.
39,Walter Dodson,sagittis.lobortis@protonmail.net,Ap #976-6052 Arcu. Avenue
40,Uriah Green,rutrum.justo@protonmail.ca,Ap #817-3572 Tristique Ave
41,Fulton Chase,parturient@outlook.org,"P.O. Box 217, 7020 Tincidunt Rd."
42,Rudyard Campbell,suspendisse.aliquet@hotmail.net,Ap #880-3039 Vel St.
43,Bianca Rodriquez,neque.vitae@hotmail.couk,"P.O. Box 928, 752 Vehicula Ave"
44,Grant Franklin,vehicula.risus.nulla@aol.net,Ap #147-553 Cum Road
45,Jenette Mccall,nonummy.ipsum@yahoo.net,"4939 Non, Avenue"
46,Ishmael Brewer,faucibus.lectus.a@hotmail.com,"P.O. Box 789, 6260 Sapien. St."
47,Athena Sherman,eu@aol.net,Ap #757-7633 Elit Rd.
48,Celeste Davenport,dictum.eu.eleifend@yahoo.org,1054 Turpis Road
49,Kibo Conrad,ante@hotmail.org,890-4541 Gravida St.
50,Gareth Strong,sem.mollis.dui@hotmail.ca,"P.O. Box 389, 4963 Mi Road"
51,Piper Rivera,mollis.non@outlook.org,3934 Risus. Avenue
52,Mira Justice,posuere@aol.couk,"Ap #862-7813 Eget, St."
53,Hedley Gill,donec.vitae.erat@icloud.couk,Ap #171-5457 Cubilia Road
54,Daquan Potts,orci@outlook.net,257 Vivamus St.
55,Melinda Dixon,erat.eget@google.com,Ap #282-5506 Sit St.
56,Cecilia Burris,tellus@protonmail.org,232-4392 Egestas Av.
57,Cameran Russell,parturient.montes.nascetur@outlook.com,3389 Congue. St.
58,Julian Hines,non.justo@protonmail.edu,802-9975 Lectus Rd.
59,Bo Dunlap,ridiculus@hotmail.ca,Ap #790-3042 Ultrices. Ave
60,Marny Hoffman,blandit.mattis@protonmail.net,8390 Nullam Av.
61,Quintessa Burke,aliquam.arcu.aliquam@yahoo.net,Ap #199-8032 Pellentesque Av.
62,Savannah Martinez,neque.venenatis@google.ca,Ap #992-2590 Tempus Avenue
63,Ruby O'brien,luctus.aliquet@icloud.net,5283 Quisque Rd.
64,Emily Leon,nascetur.ridiculus@protonmail.org,354-1716 Morbi St.
65,Justin Gomez,ultrices@icloud.org,Ap #267-3721 Nullam Avenue
66,Harding Gilmore,quis.urna@icloud.net,Ap #216-1046 Dictum. St.
67,Walter West,aenean.egestas@outlook.net,5875 Eget St.
68,Wynter Cabrera,eget@google.couk,"996-4223 At, St."
69,Raymond Dyer,phasellus.dapibus.quam@google.couk,Ap #808-2911 Orci Road
70,Jayme Bradford,pellentesque.ultricies@google.edu,Ap #924-8647 Ornare. Rd.
71,Talon Maddox,vel.vulputate@google.com,"Ap #474-3391 Non, Rd."
72,Adele Tillman,nascetur.ridiculus@hotmail.couk,"P.O. Box 423, 900 Non, Av."
73,Reese Kennedy,pede.cum.sociis@aol.edu,"P.O. Box 933, 2681 Sem. St."
74,Deacon Pugh,proin.non@yahoo.couk,606-9593 Lacus. Street
75,Mira Miranda,dolor.nonummy@google.ca,"Ap #949-9415 Montes, Avenue"
76,Stone Sampson,ante.nunc.mauris@outlook.com,"P.O. Box 960, 8406 Mollis St."
77,Mari Higgins,scelerisque@protonmail.ca,342-5026 Hendrerit St.
78,Melinda Carver,non.enim@yahoo.edu,104-4990 Adipiscing Street
79,Hyacinth Daniel,metus.vitae@protonmail.edu,Ap #415-2862 Id Rd.
80,Kasimir Russo,lorem@yahoo.com,Ap #237-9601 Malesuada Avenue
81,Ryan Solomon,eu.erat@hotmail.net,916-4751 Egestas Ave
82,Vladimir Fitzgerald,sollicitudin.adipiscing@protonmail.net,6429 Quam. Rd.
83,Tate Bernard,consectetuer.rhoncus.nullam@yahoo.com,Ap #463-5788 Augue Rd.
84,Dalton Heath,eget@icloud.com,Ap #383-9080 Donec Rd.
85,Kasimir Farmer,leo.in.lobortis@google.couk,"P.O. Box 968, 3174 Egestas. Rd."
86,Ivy Buchanan,egestas.rhoncus@google.net,110-3188 Sit Road
87,Wylie Shaw,integer.vitae@icloud.net,Ap #103-6491 Metus Avenue
88,Thaddeus Ballard,donec.fringilla.donec@hotmail.edu,"713-4154 Scelerisque, Avenue"
89,Merrill Glenn,aenean.euismod.mauris@outlook.ca,221-4275 Nunc Rd.
90,Justin Graves,metus.eu.erat@yahoo.org,113-2953 Purus Rd.
91,Jada Hartman,nulla.vulputate@hotmail.edu,Ap #254-9342 Lorem Road
92,Scarlett Palmer,arcu.sed@outlook.net,685-6247 Aliquam Avenue
93,Kenyon Ellison,a.odio.semper@hotmail.couk,"P.O. Box 980, 2539 Ornare, Av."
94,Beau David,erat.vivamus.nisi@protonmail.net,2272 Faucibus Av.
95,Vance Pena,porttitor@hotmail.edu,"P.O. Box 702, 6635 Lorem St."
96,Quamar Goff,ut@yahoo.com,"Ap #870-8663 Et, Street"
97,Brett Michael,felis.nulla@icloud.net,347-7341 Risus Avenue
98,Hiram Mcguire,ligula.eu@aol.edu,"6312 Non, Av."
99,Fitzgerald Peters,maecenas@aol.edu,"P.O. Box 216, 6057 Sem St."
100,Zephania Briggs,gravida@aol.org,9173 Ullamcorper. Avenue
101,Brady Harrell,nisi@protonmail.couk,"745-6058 Elit, St."
102,Charity Arnold,ligula.eu@icloud.net,Ap #496-4897 Ligula Rd.
103,Justina Delacruz,quam.pellentesque@yahoo.ca,"P.O. Box 706, 2768 Ac Rd."
104,Ramona Randolph,aenean.massa@protonmail.ca,9360 Metus Road
105,Althea Donaldson,ornare@icloud.edu,7203 Ac Road
106,Jemima Camacho,tempor.augue@aol.net,292-7424 Sagittis. Avenue
107,Yeo Flores,pharetra@yahoo.edu,"Ap #566-1580 Pede, St."
108,Madeline Weeks,sed@protonmail.ca,"P.O. Box 208, 3217 Nec St."
109,Jael Swanson,egestas@google.ca,Ap #930-5072 Consectetuer Rd.
110,Harrison Robles,ultrices.iaculis@protonmail.edu,503-1459 Sed Road
111,Leroy Carney,pede@yahoo.org,Ap #977-6057 In Av.
112,Catherine Savage,justo.sit@outlook.edu,"P.O. Box 155, 1862 Malesuada Rd."
113,Chancellor Singleton,eros@yahoo.com,258-7578 Enim St.
114,Slade Watson,orci.in@aol.com,"P.O. Box 914, 2840 Aliquet Rd."
115,Ruth Cabrera,nisi.dictum@icloud.net,Ap #302-4615 Lacus. Av.
116,Amir Johnston,fringilla@aol.com,Ap #104-5642 Tincidunt. Street
117,Rashad Sanford,eu.tempor@aol.net,421-8223 Libero Street
118,Sonia Vaughan,est.vitae.sodales@outlook.couk,"Ap #267-3494 Nec, Road"
119,Patricia Galloway,lacus@yahoo.org,Ap #806-9371 Massa. Rd.
120,Laura O'brien,nec.malesuada@google.ca,"Ap #370-9937 Nec, Street"
121,Sean Weiss,aptent@hotmail.net,"118-7409 Lorem, Street"
122,Blossom Burris,mauris@hotmail.net,Ap #517-8333 Sociis St.
123,Bevis Sanders,gravida.sit.amet@hotmail.ca,772-4764 Mauris St.
124,Gregory Copeland,purus.in@google.org,Ap #310-9932 Ipsum Avenue
125,Leila Cherry,ultrices@icloud.couk,"737-5859 Ut, Avenue"
126,Kermit Keith,erat@google.edu,"P.O. Box 698, 7954 Lectus Ave"
127,Jin Delacruz,egestas.nunc@aol.edu,"P.O. Box 585, 865 Lobortis Avenue"
128,Lana Welch,placerat.velit@icloud.ca,2506 Neque Street
129,April Blanchard,nisl@hotmail.edu,620-4611 Orci Avenue
130,Paki Houston,pede.ac@outlook.com,458-9220 Sit Street
131,Logan Skinner,ullamcorper.duis@aol.ca,739-9781 Sem Rd.
132,Madison Patel,luctus.ut.pellentesque@yahoo.net,Ap #250-3447 Pharetra Rd.
133,William Bradford,nunc.in.at@protonmail.ca,402-9684 Mi Avenue
134,Byron Weiss,vehicula.risus@icloud.net,Ap #593-4744 Mus. Road
135,Patricia Pruitt,consectetuer.euismod.est@outlook.couk,"483-6052 Tincidunt, Avenue"
136,Jacob Gregory,venenatis@aol.com,"Ap #447-6114 Vestibulum, Road"
137,Vera Foley,in.consequat@aol.com,468-6049 Egestas. St.
138,Patricia Montoya,sapien.gravida.non@aol.net,361-4771 Egestas Rd.
139,Phyllis Russell,donec.tincidunt.donec@hotmail.ca,Ap #217-5847 Proin Rd.
140,Kirk Bishop,dignissim.lacus@yahoo.net,651-1256 Vestibulum Road
141,Aristotle Chapman,eget.odio@outlook.net,"495-2932 Felis, Av."
142,Dean Greer,ut.nec@outlook.edu,Ap #699-3699 Amet Rd.
143,Faith Tucker,donec@google.edu,644-9715 Dignissim. Av.
144,Caleb Bruce,vel.venenatis@yahoo.couk,815-3925 Non Rd.
145,Cadman Bonner,ridiculus.mus@protonmail.net,2142 Sem Rd.
146,Maggy Charles,eget.mollis@protonmail.com,931-6088 A Street
147,Vladimir Campbell,proin.mi@google.couk,219-666 Diam Rd.
148,Aristotle Emerson,eleifend.vitae@icloud.edu,478-5994 Magna. Ave
149,Jerome Robinson,convallis.convallis.dolor@protonmail.org,"P.O. Box 341, 4595 Sit St."
150,Rajah Singleton,elit.fermentum@hotmail.edu,507-6192 Nunc. Rd.
151,Carla White,sed.est@google.edu,597-6309 Odio. Rd.
152,Travis Carney,posuere.cubilia@outlook.net,Ap #319-7837 Ipsum Ave
153,Timon Buckley,eros.nam.consequat@aol.net,Ap #250-4592 Cum Road
154,Quinn Mooney,tempor.diam@outlook.com,Ap #975-5955 Quam. Road
155,Tarik Suarez,montes.nascetur@aol.ca,"P.O. Box 393, 6615 Arcu. Rd."
156,Gregory Lindsey,nunc.ac@outlook.net,"626-3882 Vulputate, Rd."
157,Xandra Cotton,maecenas.malesuada.fringilla@icloud.ca,Ap #190-3163 Dictum Avenue
158,Rhea Bailey,luctus.aliquet@google.net,Ap #487-4259 Sem Ave
159,Hoyt Carver,erat.neque.non@protonmail.ca,4621 Libero Av.
160,Rebecca Lynn,ligula.consectetuer.rhoncus@yahoo.edu,692-1448 Tellus Avenue
161,Cara Vaughn,tincidunt.nunc@google.couk,"Ap #812-9267 Laoreet, St."
162,Leo Blair,nunc.interdum.feugiat@aol.ca,1135 Orci. Street
163,Lee Bryant,nibh@aol.edu,"P.O. Box 371, 3179 Libero St."
164,Jenette Barnett,orci.sem@outlook.org,"P.O. Box 868, 9965 Mattis St."
165,Axel Armstrong,mauris.ipsum@icloud.couk,"P.O. Box 545, 250 Mauris Road"
166,Vivien Santana,feugiat.tellus@google.com,Ap #297-3252 Aliquam Road
167,Bertha Cortez,libero.nec.ligula@google.couk,339-3250 Morbi Road
168,Zachery Barton,hymenaeos.mauris.ut@protonmail.org,512-6949 Varius. Road
169,Damon Mcmillan,a.sollicitudin.orci@icloud.net,Ap #135-8422 Nascetur Av.
170,Dominic Phillips,pellentesque.sed.dictum@google.org,131-2978 Ligula St.
171,Castor Lott,sem.magna.nec@aol.edu,"P.O. Box 473, 1188 Parturient Rd."
172,Chanda Parrish,vel@hotmail.edu,1741 Nunc St.
173,Gloria Blackburn,sed.orci.lobortis@aol.edu,"4802 A, Ave"
174,Emmanuel Porter,neque.venenatis.lacus@hotmail.edu,Ap #156-5374 Facilisis Rd.
175,Ulysses Gilmore,donec@outlook.couk,606-3801 Lacus. Avenue
176,Keith Sloan,cursus.vestibulum@outlook.edu,Ap #964-4272 Rhoncus. Street
177,Rowan Pittman,ipsum.dolor.sit@icloud.edu,Ap #643-6831 Malesuada. Avenue
178,Keiko Acosta,vel.convallis.in@protonmail.com,887-5203 Odio St.
179,Philip Carver,est@outlook.net,"3184 Ac, Rd."
180,Allen Pierce,consequat.nec@icloud.edu,"986-3573 Quis, Street"
181,Colby Orr,rutrum@icloud.com,Ap #794-4925 Mauris Av.
182,Aspen Waters,sem.consequat@protonmail.ca,8089 Dapibus Rd.
183,Melanie Farrell,quis.urna.nunc@outlook.couk,"P.O. Box 407, 9132 Nibh Street"
184,George Lott,consequat.enim.diam@aol.edu,"P.O. Box 182, 2027 Imperdiet Rd."
185,Elijah Farrell,quis@icloud.com,Ap #143-1120 Euismod Rd.
186,Sacha Holmes,ut.quam@hotmail.com,Ap #851-6768 Ligula. Ave
187,Julie Duffy,sagittis@outlook.org,709-9473 Ipsum Avenue
188,Colette Chavez,pellentesque.sed@aol.org,523-3495 Tempus Rd.
189,Merritt Mcclure,faucibus@hotmail.couk,3365 Ligula. Rd.
190,Carly Morin,libero@icloud.net,Ap #697-5738 Consequat Av.
191,Lance Fisher,aliquet@icloud.net,"P.O. Box 735, 1581 Faucibus St."
192,Raja Torres,neque@hotmail.com,535-1168 Ante Avenue
193,Diana Morton,ut@hotmail.com,Ap #138-2500 Sed Ave
194,Nissim Bradford,neque.venenatis.lacus@google.net,"7044 Lorem, Road"
195,Wesley Carver,amet.faucibus@outlook.edu,"P.O. Box 819, 1882 Libero. Rd."
196,Jessamine Stark,eu.ligula@icloud.couk,321-361 Magnis St.
197,Jeanette Martinez,nibh.quisque@icloud.couk,346-3076 Dui. Street
198,Fletcher Pearson,interdum.feugiat.sed@protonmail.couk,Ap #200-8444 Eget Street
199,Adara Michael,lorem.sit.amet@aol.ca,Ap #161-4987 Id St.
200,Todd Webb,suspendisse.non@yahoo.com,"P.O. Box 445, 3645 Sodales. St."
201,Clark Chandler,donec.felis.orci@outlook.couk,"P.O. Box 314, 502 Neque Street"
202,Keefe Baird,cum@google.net,584-6942 Dictum Street
203,Fatima Humphrey,tellus.justo@icloud.edu,"P.O. Box 810, 3306 Vitae Ave"
204,Wynne Logan,orci@yahoo.edu,800-4819 Donec Street
205,Azalia Clark,semper.erat@google.edu,4726 Vitae Avenue
206,Vivien Webster,magna@hotmail.net,Ap #572-2716 Semper St.
207,Amethyst Rose,quis.massa@protonmail.ca,7366 Blandit Road
208,Ferris Matthews,donec.felis.orci@protonmail.edu,489-1401 Sodales Avenue
209,Haviva Greer,cras@aol.com,9373 Molestie Rd.
210,Hillary Hamilton,integer@yahoo.org,679-739 Fringilla. Rd.
211,Noel Ratliff,orci.sem@protonmail.ca,Ap #996-2277 Ante St.
212,Yoko Patterson,mauris.erat@protonmail.org,376-6208 Curabitur Rd.
213,Deborah Edwards,egestas@hotmail.com,300-8245 Magna Rd.
214,Iliana Maxwell,id.ante.nunc@yahoo.org,145-3916 Augue Road
215,Cruz Castro,vulputate.lacus@icloud.edu,Ap #711-9594 In Road
216,Daphne Leblanc,tempus.risus.donec@outlook.org,Ap #806-8075 Vitae Ave
217,Penelope Moore,in.molestie@yahoo.edu,7045 In Avenue
218,Burke Rosa,nulla@protonmail.ca,746-6347 Magna Rd.
219,Illana Ward,nec.euismod@yahoo.ca,Ap #981-2134 Tempus Rd.
220,Carson Parks,non.cursus@yahoo.com,Ap #559-9878 Egestas. St.
221,Orson Molina,feugiat.tellus@protonmail.couk,Ap #881-4167 Ipsum. St.
222,Hollee Melendez,parturient@icloud.edu,"Ap #191-2210 Quis, St."
223,Dominique Nash,et.tristique.pellentesque@protonmail.com,140-2303 Luctus Ave
224,Elmo Downs,malesuada.augue.ut@protonmail.org,367-348 Porttitor Ave
225,Kelsey Mueller,sed.orci.lobortis@yahoo.edu,Ap #910-5433 Consectetuer Ave
226,Tanya Diaz,ut.mi.duis@yahoo.edu,3419 Sit Rd.
227,Neville Bruce,et.ultrices.posuere@aol.edu,Ap #791-9521 Vel Av.
228,Jena Whitehead,mauris.sapien@yahoo.ca,"P.O. Box 235, 3484 Interdum. Avenue"
229,Ulysses Wiggins,nullam@yahoo.net,Ap #340-1447 Lectus. Av.
230,Ebony Herman,mauris.morbi.non@icloud.com,146-6737 Aliquam Ave
231,Alice White,tempus@hotmail.net,190-2714 Accumsan Road
232,Jack Nixon,at.pede.cras@hotmail.net,Ap #731-9161 Vitae St.
233,Gretchen Castillo,dis.parturient@google.ca,182-9240 Suspendisse St.
234,Zeph Cook,nullam.scelerisque@icloud.org,Ap #258-2066 Quisque Ave
235,Allen Bruce,arcu.vestibulum@protonmail.edu,Ap #678-6682 Etiam Road
236,Uriel Jacobs,dolor.fusce.feugiat@icloud.edu,5660 Nunc St.
237,Oscar Whitfield,lectus.convallis@yahoo.ca,189-2138 Eget Rd.
238,Charissa Galloway,quis.tristique@yahoo.edu,"Ap #468-8038 Amet, Ave"
239,Lyle Dodson,semper@google.ca,Ap #962-7369 Sem Av.
240,Hall Jarvis,euismod@icloud.ca,Ap #526-2050 Ligula. Av.
241,Todd Dickerson,et.ipsum.cursus@yahoo.couk,828-5747 Nec Av.
242,Grace Ochoa,egestas@yahoo.ca,Ap #687-623 Ultricies St.
243,Brielle Carrillo,mus.proin@yahoo.net,8490 Cursus Rd.
244,Ira Browning,ac.ipsum@icloud.ca,Ap #230-9177 Erat Rd.
245,Ina Kelly,elementum@google.edu,461-6297 Risus Rd.
246,Olga Rocha,volutpat.nulla@icloud.com,992-553 Augue. Rd.
247,Hayfa Donovan,a.dui@hotmail.net,"P.O. Box 406, 4612 Mi St."
248,Scott Caldwell,donec.fringilla@yahoo.edu,974-8614 Ornare St.
249,Giselle Petersen,sollicitudin.a.malesuada@hotmail.com,"Ap #187-700 Semper, Road"
250,Armand Wood,venenatis@aol.couk,797-3504 Nulla Ave
251,Laurel Levine,tincidunt.vehicula.risus@icloud.edu,"P.O. Box 856, 1112 Eu, St."
252,Desiree Peterson,in.magna@protonmail.net,Ap #157-4849 Gravida. Ave
253,Merrill Stephenson,felis.purus.ac@aol.net,777-8861 Sollicitudin St.
254,Aphrodite Gordon,arcu.vestibulum@aol.edu,"P.O. Box 276, 9575 Dictum Street"
255,Haviva Bates,condimentum.eget.volutpat@google.edu,Ap #611-9854 Morbi Rd.
256,Laith Wright,facilisis@hotmail.org,Ap #352-116 Ligula. Rd.
257,Rebecca Frederick,aenean.sed@google.edu,"P.O. Box 637, 6804 Curabitur Road"
258,Ann Carr,tellus.suspendisse.sed@outlook.net,978-6322 Aliquet. Av.
259,Piper Robbins,aliquam.gravida.mauris@icloud.net,300-8045 Cursus. Rd.
260,Isaac Contreras,eros.proin@icloud.ca,842-8948 Vitae Street
261,MacKensie Guerra,vulputate.posuere.vulputate@yahoo.com,295-7338 Arcu Rd.
262,Jerry Cervantes,pellentesque.habitant@outlook.net,947-9568 Rhoncus. Ave
263,Xyla Bean,tincidunt.dui@google.net,872-4783 Ullamcorper Street
264,Mark Hendrix,ut.mi@aol.couk,Ap #231-4300 Risus St.
265,Daquan Ratliff,eget@icloud.org,Ap #831-6478 Ullamcorper Ave
266,Dacey Henson,rutrum.magna@icloud.com,"Ap #231-3346 Non, St."
267,Emerson Bowers,blandit.mattis@google.com,309-1710 Mauris Road
268,Ruby Elliott,lorem.tristique@icloud.couk,"P.O. Box 271, 8204 Vel Av."
269,Brady Bowen,et@icloud.net,321-5514 Vel St.
270,Jena Mcgowan,felis.adipiscing@protonmail.ca,1490 Pede St.
271,Jessica Soto,mi@google.ca,Ap #464-1718 Nascetur Street
272,Hadley George,nibh.sit@outlook.ca,"P.O. Box 961, 9096 Adipiscing Road"
273,Octavia Newton,nunc.laoreet@aol.ca,834-6862 Fames Rd.
274,Chaney Lowe,mi.enim@icloud.couk,"P.O. Box 543, 5496 Vestibulum Ave"
275,Eliana Vinson,magna.nec.quam@google.net,6843 Sit Rd.
276,Alea Mcconnell,scelerisque.neque.nullam@aol.com,326-7984 Ut Avenue
277,Michael Johnston,nec.mollis@google.org,Ap #549-2967 Faucibus Avenue
278,Garth Cobb,bibendum@yahoo.edu,"P.O. Box 651, 8349 Eu Road"
279,April Griffith,odio@hotmail.org,234-1020 Rutrum St.
280,Aristotle Stark,neque@aol.net,1697 Ornare St.
281,Hayden Hodges,id.ante@outlook.ca,4823 Donec Street
282,Dennis Snider,ridiculus.mus@outlook.org,Ap #479-1727 Lectus Street
283,Justin Higgins,fermentum@protonmail.couk,Ap #270-9918 Nulla Street
284,Harrison Fisher,cursus.diam@icloud.couk,"P.O. Box 987, 1770 Mauris St."
285,Murphy Reed,odio@protonmail.net,5168 Consequat Avenue
286,Leonard Sexton,aliquet@aol.ca,7723 Ipsum Rd.
287,Ashely Franks,dictum.eleifend.nunc@aol.ca,8240 Nunc St.
288,Nigel Holden,quisque.imperdiet@yahoo.net,Ap #603-4876 Et Street
289,Brent Maddox,ligula.aenean@protonmail.org,333-6220 Fringilla. St.
290,Linus Cherry,nec.imperdiet.nec@protonmail.edu,490-3978 Nunc St.
291,Ursula Summers,parturient.montes@outlook.edu,7591 Vitae Rd.
292,Orli Duffy,nam.porttitor.scelerisque@icloud.com,"851-8222 Pede, Street"
293,Madaline Hill,leo@hotmail.org,5817 Sed Rd.
294,Brody Adams,phasellus.ornare.fusce@outlook.edu,Ap #615-107 Dictum Ave
295,Perry King,fermentum.vel.mauris@aol.edu,"P.O. Box 134, 7420 Placerat, Avenue"
296,Hashim Oneal,scelerisque.scelerisque@icloud.couk,Ap #641-5019 Erat Road
297,Erich Frazier,ut@google.couk,Ap #764-1914 Gravida. Street
298,Ivy Melendez,hendrerit.donec.porttitor@aol.com,"4719 Consequat, Av."
299,Lysandra Lane,hendrerit.neque@yahoo.couk,953-6328 Suspendisse Av.
300,Scarlet Albert,lectus.pede@google.edu,9389 Mauris Road
301,Kamal Rush,sed.leo@yahoo.com,872-8301 Integer Rd.
302,Bell Bray,malesuada@icloud.org,Ap #126-7990 Vitae St.
303,Sylvester Barton,fermentum.risus.at@aol.org,246 Euismod Avenue
304,Nell Bean,nunc.interdum@yahoo.com,9070 Duis St.
305,Portia Salas,auctor@icloud.couk,3879 Porttitor Av.
306,Thor Griffith,ipsum@aol.net,125-5803 Ultricies Street
307,Fitzgerald Terry,montes.nascetur@google.org,134-1490 Nullam Avenue
308,Brooke Forbes,ac.turpis.egestas@google.net,Ap #286-6087 Diam. Rd.
309,Harper Small,lobortis.class@icloud.com,348-7098 Nibh. Ave
310,Dominic Beck,aenean.gravida.nunc@outlook.ca,"947-6978 Placerat, Road"
311,Finn Sanchez,elit.nulla@outlook.edu,"P.O. Box 602, 3920 Lacinia St."
312,Arden Smith,vel.quam@aol.org,"P.O. Box 606, 8210 Sed Ave"
313,Graiden Small,mi.felis@icloud.org,Ap #175-1004 Faucibus Rd.
314,Kennan Hebert,adipiscing@yahoo.couk,"P.O. Box 337, 6588 Vitae, St."
315,Barbara Barron,dolor.nonummy@outlook.org,682-5930 Aliquam Avenue
316,Branden Mcguire,eget.odio.aliquam@hotmail.net,3098 Nisl. St.
317,Brian Durham,fermentum.fermentum.arcu@google.ca,289-9361 Vitae Road
318,Macey Nixon,magna.a@aol.net,628-6217 Molestie Rd.
319,Evelyn Calhoun,mauris.ut.quam@google.net,Ap #983-5605 Torquent Ave
320,Shaine Horton,quam.pellentesque.habitant@google.org,"P.O. Box 860, 2448 Sodales Street"
321,Candace Watson,nisl.elementum.purus@google.ca,435-3147 Eleifend Rd.
322,Nigel William,vitae.diam@yahoo.ca,Ap #842-1800 Quis Rd.
323,Cain Copeland,vel.sapien@yahoo.ca,"P.O. Box 695, 7763 Pede Av."
324,Russell Ruiz,arcu.vestibulum@icloud.couk,"463-6072 A, St."
325,Abel Ochoa,lacus.quisque.imperdiet@outlook.ca,7688 Orci Road
326,Aspen Lindsay,tincidunt.dui@icloud.edu,"P.O. Box 179, 8510 Mus. Ave"
327,Harding Peterson,non.quam.pellentesque@protonmail.org,Ap #801-4773 In Rd.
328,Maite Lott,sed@google.ca,431-5660 Euismod St.
329,Aquila Bowers,elementum.at.egestas@google.couk,Ap #725-4519 Lectus Av.
330,Clarke Dorsey,eget.varius.ultrices@aol.net,335-7258 Erat. Rd.
331,Vivien Reyes,pede@icloud.couk,Ap #573-6733 Eu St.
332,Kerry Cabrera,lobortis.mauris@outlook.org,Ap #686-9996 Facilisis Road
333,Sheila House,et@yahoo.couk,Ap #620-6787 Aliquet. Avenue
334,Amir Cantrell,elit@protonmail.edu,Ap #850-2737 Sed Ave
335,Mohammad Beasley,parturient@hotmail.net,Ap #187-6273 Interdum. St.
336,Colin Hale,mi.ac@google.ca,699 Felis. St.
337,Willa Gilbert,rhoncus.id.mollis@aol.net,739-8955 Lectus St.
338,Wanda Buchanan,maecenas.libero@icloud.org,587-897 Tortor. Road
339,Lee Abbott,nunc.mauris.elit@google.com,343-4665 Vehicula. Av.
340,Isaiah Mayer,sed.dictum@icloud.couk,"P.O. Box 683, 4493 Blandit Av."
341,Astra Wynn,at@yahoo.com,Ap #204-4027 Proin St.
342,Clinton Langley,fusce.aliquam.enim@aol.net,Ap #598-9314 Tellus Av.
343,Hakeem Cleveland,nibh.aliquam@protonmail.ca,780-7906 Tincidunt Avenue
344,Hiram Wheeler,feugiat@google.net,616-7780 Amet Rd.
345,McKenzie Hatfield,magna.suspendisse@protonmail.org,403-3448 Ac Road
346,Caldwell Sears,sit@yahoo.edu,Ap #249-1548 Pretium Rd.
347,Seth Stanton,sapien@yahoo.com,Ap #700-5762 Nonummy Avenue
348,Dale Prince,bibendum.ullamcorper.duis@protonmail.ca,3788 Vulputate Road
349,Cody Holden,a.mi@google.com,"P.O. Box 835, 8127 Accumsan Rd."
350,Patrick Alexander,lorem.ipsum.dolor@google.net,"Ap #994-1474 Lorem, St."
351,Yuli Lancaster,turpis.aliquam.adipiscing@outlook.com,381-7255 Ut Avenue
352,McKenzie Frazier,dis.parturient@aol.org,Ap #555-3467 Dis Rd.
353,Kay Jefferson,ut.aliquam@outlook.couk,497-4012 Rutrum Av.
354,Boris Haynes,sem.vitae@yahoo.com,7407 Tincidunt St.
355,Carson Owen,donec.tempor.est@outlook.net,5924 Mattis. Avenue
356,Alexandra Farrell,praesent@yahoo.edu,462-4700 Lectus St.
357,Allistair Winters,venenatis.vel@aol.edu,1322 Ac Rd.
358,Rachel Curry,posuere.cubilia@yahoo.net,Ap #788-9325 Mauris Rd.
359,Mercedes Campos,mauris.vestibulum@outlook.edu,"P.O. Box 523, 5277 Aliquet, Rd."
360,Silas Becker,fringilla.est.mauris@aol.couk,5636 Dictum St.
361,Melissa Kinney,non.leo@hotmail.com,Ap #991-641 Mauris Rd.
362,Perry Berg,malesuada.augue.ut@protonmail.ca,"P.O. Box 649, 3514 Neque Av."
363,Eve Case,dignissim.tempor.arcu@icloud.com,256-8314 Nisi Ave
364,Kuame Gamble,dolor@hotmail.com,142-923 Molestie. Avenue
365,Rogan Randolph,aliquam.tincidunt@icloud.org,8436 Odio. Street
366,Emily Dickerson,blandit.nam@outlook.ca,Ap #842-5389 Tellus. St.
367,Hayden Burch,dolor.dapibus@yahoo.org,1349 Aliquet Rd.
368,Norman Hurley,nec.cursus.a@outlook.ca,Ap #764-6727 Faucibus Av.
369,Ethan Short,fermentum.risus@outlook.com,704-4255 Aliquet Av.
370,Callie House,dignissim.lacus.aliquam@outlook.net,Ap #706-2619 Fringilla Av.
371,Bree Park,nec.tempus@yahoo.couk,"P.O. Box 672, 4294 Consequat Ave"
372,Eve England,scelerisque.scelerisque@protonmail.edu,6138 Libero St.
373,Zephr Hyde,eros@yahoo.couk,"P.O. Box 757, 5526 Tristique Street"
374,Ezra Kelley,euismod.enim@protonmail.net,Ap #198-7321 Duis Ave
375,Jackson Lloyd,justo@aol.ca,Ap #430-3961 Donec Street
376,Victor Marks,phasellus.elit@icloud.ca,6053 Cursus St.
377,Walter Lyons,at@aol.couk,2094 Faucibus St.
378,Myra Lindsey,ipsum.donec@aol.net,740-2285 Aliquet Street
379,Reuben Craig,arcu.imperdiet@google.org,Ap #516-2433 Eu Road
380,Rhona Daugherty,morbi.neque@protonmail.com,6400 Hendrerit Ave
381,Joan Kinney,mi.lorem@google.org,950-7226 At Av.
382,Lev Gilmore,elit.erat.vitae@protonmail.couk,Ap #892-887 Donec St.
383,Gail Allen,ut.molestie.in@aol.net,Ap #296-3837 Augue St.
384,Jason Cortez,eget.nisi.dictum@yahoo.com,Ap #706-9827 Vivamus Av.
385,Illana Nicholson,eget.ipsum@hotmail.com,"7181 A, Av."
386,Dennis Bender,nulla.at@yahoo.net,"Ap #623-4086 Lobortis, St."
387,Solomon Solis,lobortis@yahoo.com,Ap #392-8995 Dignissim Rd.
388,Alan Shaw,vivamus.non.lorem@yahoo.ca,"P.O. Box 459, 4024 Torquent St."
389,Knox Valencia,a@protonmail.net,Ap #997-6879 Semper Rd.
390,Danielle Maldonado,vitae@yahoo.edu,226-9007 Dictum Avenue
391,Hollee Carter,pellentesque.sed@google.ca,9567 Maecenas Road
392,Louis George,at.sem.molestie@google.edu,927-5775 Eu Street
393,Ignacia Castaneda,arcu@aol.com,Ap #387-1855 Non Rd.
394,Ila Oneil,magna.lorem@outlook.edu,721-9767 Arcu. Rd.
395,Brody Pope,volutpat@icloud.couk,Ap #804-5188 Non Av.
396,Hedda Tate,bibendum.ullamcorper@aol.org,Ap #607-8596 Rhoncus. Avenue
397,Merritt Spears,torquent.per@hotmail.net,Ap #496-940 Libero St.
398,Neil Joyner,purus.mauris@protonmail.com,Ap #488-7962 Molestie. St.
399,Hu Mccormick,mi.aliquam.gravida@aol.org,712-4477 Malesuada. St.
400,Hope Jefferson,velit.egestas@aol.edu,"P.O. Box 822, 881 A, Rd."
401,Chloe Whitley,aliquam.auctor@yahoo.com,366-5179 Convallis St.
402,Frances Gilmore,odio.sagittis@hotmail.ca,"421-811 Consectetuer, Av."
403,Emily Gardner,integer.urna@icloud.edu,"P.O. Box 651, 7778 A, Rd."
404,Christopher Pittman,lorem.fringilla.ornare@icloud.com,816-2195 Pellentesque Street
405,Germaine Bennett,placerat.velit@aol.ca,663 Integer St.
406,Gavin Melendez,magna.lorem@protonmail.org,Ap #893-203 Mauris Avenue
407,Jermaine Barker,neque.non@protonmail.org,"Ap #679-752 Sed, Avenue"
408,Lacota Bond,viverra.donec@google.ca,"P.O. Box 381, 9052 Sagittis Rd."
409,Isaac Olson,nisi.a@google.ca,Ap #357-5612 Nisi Av.
410,Thomas Moon,nec@google.org,157-2994 Risus. Road
411,Dominic Burton,cursus.et.eros@outlook.couk,Ap #715-5101 Fusce Street
412,Gretchen Contreras,pede.cras@protonmail.edu,366-6351 Porttitor St.
413,Hasad Thompson,in@google.com,Ap #652-2999 Lorem St.
414,Audra Rivas,ante.vivamus@protonmail.edu,Ap #468-484 Metus Street
415,Marshall Willis,quis.pede.suspendisse@outlook.couk,"P.O. Box 115, 6481 In Av."
416,Austin Gonzalez,urna@protonmail.ca,769-1653 Pharetra Avenue
417,Madison Lewis,arcu@yahoo.net,Ap #929-3580 Lorem Rd.
418,Lev Figueroa,dictum.cursus@yahoo.net,889-8364 Mauris St.
419,Candice Melton,donec@hotmail.couk,473-7030 In St.
420,Oliver Clemons,eu.turpis@hotmail.org,446-4736 Dignissim Rd.
421,Dexter Bell,ut.molestie@hotmail.org,Ap #472-2501 Aliquam Rd.
422,Quinn Woodward,aliquet.diam@icloud.ca,"P.O. Box 493, 9923 Et St."
423,Paki Ford,lobortis.quis@yahoo.couk,274-274 Mi Av.
424,Carissa Randolph,aliquam.fringilla.cursus@outlook.com,5513 Porttitor St.
425,Evelyn Powell,sagittis.placerat.cras@icloud.ca,8455 Non Av.
426,Unity Swanson,suspendisse.aliquet.sem@outlook.ca,"Ap #688-9592 Cursus, Av."
427,Lawrence Hawkins,amet.lorem@outlook.net,"P.O. Box 777, 6059 Dictum St."
428,Indira Delacruz,ante@hotmail.edu,"149-3943 In, Street"
429,Kalia Weeks,feugiat.non.lobortis@icloud.net,"P.O. Box 762, 4580 Aenean Rd."
430,Halee Bowman,turpis.egestas@aol.net,2470 Consectetuer Rd.
431,Serena Klein,scelerisque.sed@icloud.org,"216-9550 Eu, Av."
432,Aline Merrill,interdum.nunc@icloud.org,2979 Mauris Avenue
433,Yen Robinson,libero.integer.in@yahoo.ca,Ap #310-3564 Eleifend Street
434,Lars Rios,convallis.ligula@yahoo.couk,Ap #343-1413 Imperdiet Street
435,Kasper House,egestas.a@yahoo.org,896-7078 Erat Ave
436,Dara Sandoval,enim.sed@icloud.ca,7786 Nisi St.
437,Maggie Blackburn,risus.morbi@icloud.com,Ap #652-6105 Aenean St.
438,Xandra Noble,laoreet.lectus.quis@hotmail.ca,"P.O. Box 418, 1651 Arcu. Ave"
439,Mohammad Mcguire,odio@aol.edu,4078 Laoreet Rd.
440,Devin Sanchez,magna.phasellus.dolor@google.org,634-9062 Cras Rd.
441,Erin Bender,tellus.lorem@hotmail.couk,691-8784 Nunc Avenue
442,Sigourney Campos,vitae.erat@outlook.ca,Ap #849-1535 Vestibulum Avenue
443,Kelsey Sweet,porttitor.tellus@protonmail.org,Ap #842-2763 Vulputate Avenue
444,Shoshana Pittman,dui.fusce@yahoo.net,191-2282 In Street
445,Clio Riley,auctor.nunc@aol.com,Ap #667-9631 Neque Avenue
446,Tanek Baxter,et.rutrum@yahoo.org,"P.O. Box 268, 2466 Nunc Ave"
447,Colette Burris,eu.augue@hotmail.edu,809-5754 Nunc St.
448,Moana Bishop,nec@yahoo.edu,Ap #641-6966 Eu Rd.
449,April Baxter,sociis.natoque.penatibus@protonmail.couk,Ap #383-1522 Urna. Av.
450,Keiko Clements,ultrices.a.auctor@outlook.org,855-8115 Adipiscing St.
451,Darryl Lancaster,ultrices@outlook.ca,901-6944 Eu Rd.
452,Ifeoma Fitzgerald,mi@protonmail.ca,"P.O. Box 224, 699 Nam Street"
453,Faith Winters,et@hotmail.edu,Ap #818-2190 Dapibus Rd.
454,Hector Lynch,quisque.nonummy@aol.com,5016 In Ave
455,Prescott Finley,dignissim.lacus@google.org,Ap #180-9638 Nunc Ave
456,Rajah Perkins,lorem.semper@google.com,1300 Curabitur Street
457,Leilani Gould,convallis.dolor.quisque@hotmail.org,"P.O. Box 643, 4458 Egestas. Road"
458,Leilani Ford,non@yahoo.org,595-6797 Cum St.
459,Olivia James,suscipit@yahoo.ca,449 Ac Rd.
460,Harding Olson,erat.eget@outlook.edu,Ap #485-6685 Turpis. Rd.
461,Xavier Cash,diam.eu@aol.couk,Ap #365-637 Arcu Road
462,Octavia Browning,ipsum@yahoo.com,Ap #576-7355 Interdum. St.
463,Noble Simon,sed.est.nunc@icloud.couk,"P.O. Box 153, 5695 Suspendisse St."
464,Clare Levine,lorem.tristique.aliquet@yahoo.ca,256-4375 Sed St.
465,Carl Higgins,mollis.phasellus.libero@yahoo.org,Ap #955-8235 Libero. Ave
466,Zachary Clemons,ornare.in.faucibus@hotmail.com,"P.O. Box 586, 1055 Sem, St."
467,Regan Rosario,nunc.lectus@protonmail.couk,Ap #180-6950 Sagittis. Avenue
468,Kirsten Brock,lorem@protonmail.org,"647-8234 Dui, Ave"
469,Gage Hebert,sollicitudin.a@google.edu,303-6957 Pede Ave
470,Lucas Nguyen,malesuada.integer@outlook.ca,"P.O. Box 793, 3624 Mauris Road"
471,Axel Myers,consectetuer.adipiscing@aol.edu,6732 Gravida Rd.
472,Dolan Zamora,congue.a.aliquet@aol.edu,Ap #279-3024 Curae Rd.
473,Ila Vaughan,donec.non@icloud.ca,Ap #936-9835 Velit Street
474,Rudyard Drake,scelerisque.scelerisque.dui@protonmail.org,Ap #101-174 Praesent Road
475,Palmer Allison,dignissim@icloud.couk,818-6496 Euismod Av.
476,Ria Poole,in@hotmail.edu,"P.O. Box 433, 4816 Fermentum Street"
477,Ronan Fuentes,sed.auctor@google.edu,204-2813 Ornare Street
478,Jermaine Ferrell,nulla@protonmail.org,"435-971 Ornare, Rd."
479,Justine Chen,varius.nam.porttitor@hotmail.edu,"P.O. Box 334, 1218 Orci. Rd."
480,Orlando Lopez,posuere.cubilia@protonmail.org,"P.O. Box 764, 6387 Lacus. St."
481,Raya Frederick,felis.ullamcorper.viverra@google.edu,Ap #225-9487 Tristique Rd.
482,Belle Merrill,quis.diam@protonmail.edu,289-3834 Sodales Rd.
483,Xander Underwood,amet@icloud.net,"158-2418 Montes, Road"
484,Hyatt Hawkins,mauris.ipsum@google.edu,786-6072 Luctus St.
485,Noble Estes,posuere.cubilia.curae@outlook.couk,905-1679 Mi Ave
486,Melissa Stephens,laoreet.posuere@aol.net,5605 Tellus Street
487,Adria Kent,quis.diam@aol.net,"P.O. Box 762, 308 Dui, Ave"
488,Macaulay Bennett,sapien@google.couk,Ap #494-6549 Mollis. Rd.
489,Elton Raymond,eget.odio.aliquam@hotmail.net,Ap #447-1830 Mauris. Avenue
490,Davis Hoffman,volutpat.ornare.facilisis@hotmail.com,Ap #928-6004 Nec Ave
491,Aileen O'brien,semper.egestas@yahoo.com,684-3593 Purus. St.
492,Fleur Warner,amet.massa@outlook.couk,741-2667 Dictum. Road
493,Raymond Chan,praesent@google.edu,792 Et Av.
494,Cathleen Espinoza,placerat.cras.dictum@yahoo.couk,1588 Ut Avenue
495,Uma Butler,cursus@yahoo.net,583-9817 Nunc. Road
496,Haviva Santos,vestibulum@icloud.org,288-9638 Mollis. Av.
497,Margaret Rocha,non.leo@icloud.org,1346 Eleifend Rd.
498,Micah Moran,mauris.morbi.non@hotmail.ca,"P.O. Box 593, 8583 Scelerisque Avenue"
499,Gray Richmond,non.bibendum.sed@protonmail.org,Ap #141-506 Nec Av.
500,Brent Henson,id@protonmail.ca,"612-6371 Orci, Av."
